,Job_Title,Company,Location,Date_Posted
0,Associate Software Engineer- Python,Devsinc,"Islamabad, Islāmābād, Pakistan",2025-04-11
1,Software Engineer-Python/Django,Devsinc,"Lahore, Punjab, Pakistan",2025-04-12
2,Associate Software Engineer- AI/ML,Devsinc,"Islamabad, Islāmābād, Pakistan",2025-04-11
3,Associate Software Engineer - AI/ML,Devsinc,"Lahore, Punjab, Pakistan",2025-04-12
4,Associate Software Engineer- Python/ React,Devsinc,"Lahore, Punjab, Pakistan",2025-04-12
5,Associate Software Engineer- Data Engineer,Devsinc,"Islamabad, Islāmābād, Pakistan",2025-04-11
6,Associate Software Engineer - Open Stack,Devsinc,"Lahore, Punjab, Pakistan",2025-04-25
7,Associate Software Engineer - Data Science,Devsinc,"Islamabad, Islāmābād, Pakistan",2025-04-12
8,Software Engineer- MERN,Devsinc,"Islamabad, Islāmābād, Pakistan",2025-04-12
9,Senior Software Engineer - Python,Devsinc,"Lahore, Punjab, Pakistan",2025-04-12
10,Associate Software Engineer - Data Science,Devsinc,"Lahore, Punjab, Pakistan",2025-04-12
11,Senior Software Engineer - Python (Django),Devsinc,"Lahore, Punjab, Pakistan",2025-05-23
12,Senior Software Engineer - Python,Devsinc,"Lahore, Punjab, Pakistan",2025-05-05
13,ML Engineer,Fusemachines,"Islamabad, Islāmābād, Pakistan",2025-03-26
14,Junior Python Developer,Translation Empire PK,"Rawalpindi, Punjab, Pakistan",2025-04-12
15,QA Intern,VentureDive,"Lahore, Punjab, Pakistan",2025-04-25
16,AI ML Engineer,Next Generation Innovations (NextGENi),"Karachi Division, Sindh, Pakistan",2025-04-15
17,Python Develpoer,IKONIC,"Islamabad, Islāmābād, Pakistan",2025-04-28
18,Data Science Engineer,Devsinc,"Lahore, Punjab, Pakistan",2025-05-02
19,Software Engineer - Fresh - 2024/25,Arkhitech,"Islamabad, Islāmābād, Pakistan",2025-03-05
20,Senior Software Engineer - Python,Devsinc,"Lahore, Punjab, Pakistan",2025-04-12
21,Senior Software Engineer - Python,Devsinc,"Lahore, Punjab, Pakistan",2025-04-12
22,Senior Software Engineer - AI/ML,Devsinc,"Islamabad, Islāmābād, Pakistan",2025-04-12
23,Senior Python Developer,Devsinc,"Lahore, Punjab, Pakistan",2025-04-12
24,Senior AI/ML Engineer,Devsinc,"Lahore, Punjab, Pakistan",2025-04-12
25,Software Engineer - Fresh - 2024/25,Arkhitech,"Lahore, Punjab, Pakistan",2025-03-05
26,Senior Software Engineer - Python/AI/ML,Devsinc,"Lahore, Punjab, Pakistan",2025-04-14
27,Junior Software Trainee,Cowlar Design Studio,"Islamabad, Islāmābād, Pakistan",2025-05-21
28,Senior Software Engineer - Python - Django,Devsinc,"Lahore, Punjab, Pakistan",2025-04-12
29,Junior Frontend Developer,Convo,"Islamabad, Islāmābād, Pakistan",2025-05-21
30,Senior Software Engineer - Python,Devsinc,"Lahore, Punjab, Pakistan",2025-04-21
31,Associate Software Engineer- MERN,Devsinc,"Islamabad, Islāmābād, Pakistan",2025-04-28
32,Software Engineer,Kodifly,"Islamabad, Islāmābād, Pakistan",2025-04-29
33,Backend Python developer,Cloudpso,"Islamabad, Islāmābād, Pakistan",2025-05-06
34,Associate Software Engineer - MERN,Devsinc,"Islamabad, Islāmābād, Pakistan",2025-04-12
35,"Python Developer - Backend (Onsite, Lahore, PKR Salary)",HR POD Careers,"Lahore, Punjab, Pakistan",2025-05-22
36,Associate Software Engineer- Unity,Devsinc,"Lahore, Punjab, Pakistan",2025-04-12
37,DevOps Engineer (Freshers & Junior Level),Techscale,"Lahore, Punjab, Pakistan",2025-04-30
38,Junior/Mid Level Backend Developer,Esevel,"Karāchi, Sindh, Pakistan",2024-05-03
39,Senior Software Engineer- AI/ML,Devsinc,"Lahore, Punjab, Pakistan",2025-04-12
40,Software Engineer,hashpotato,"Karachi Division, Sindh, Pakistan",2025-02-14
41,Associate Software Engineer- Openstack,Devsinc,"Lahore, Punjab, Pakistan",2025-04-25
42,Interns Artificial Intelligence - AI,ACE Money Transfer,"Kharian, Punjab, Pakistan",2025-05-02
43,Engineer,Coca-Cola CCI,"Rahim Yar Khan District, Punjab, Pakistan",2025-05-02
44,MERN Stack Developer,Devsinc,"Lahore, Punjab, Pakistan",2025-05-06
45,Associate Software Quality Assurance Engineer,Devsinc,"Lahore, Punjab, Pakistan",2025-04-12
46,Internship - Software Engineering,Howmuch,"Lahore, Punjab, Pakistan",2025-04-10
47,Position Vacant Lab Engineer BPS-17,"Government  College University, Faisalabad","Faisalabad, Punjab, Pakistan",2024-10-19
48,Quality Assurance Engineer - Automation,Devsinc,"Lahore, Punjab, Pakistan",2025-04-12
49,Software Engineer- NodeJs,Devsinc,"Lahore, Punjab, Pakistan",2025-04-17
50,Full Stack Python Developer,Tiksom Limited,"Johar Town, Punjab, Pakistan",2024-12-11
51,Backend Developer (Python/Django),Flatgigs,"Karāchi, Sindh, Pakistan",2025-04-12
52,Junior AI Engineer,Translation Empire PK,"Islamabad, Islāmābād, Pakistan",2025-04-30
53,Team Lead- AI/ML,Devsinc,"Islamabad, Islāmābād, Pakistan",2025-04-12
54,Senior Software Engineer - AI/ML,Devsinc,"Lahore, Punjab, Pakistan",2025-04-12
55,Associate Software Engineer- OpenStack,Devsinc,"Lahore, Punjab, Pakistan",2025-04-25
56,Senior Software Engineer (Data Engineer | Data Science),Devsinc,"Lahore, Punjab, Pakistan",2025-04-28
57,Software Engineer,CureMD,"Lahore, Punjab, Pakistan",2024-11-30
58,Associate Software Engineer,Dubizzle Labs,"Lahore, Punjab, Pakistan",2025-05-17
59,Business Analyst,ibex. Pakistan,"Karachi Division, Sindh, Pakistan",2025-05-20
